name,url,token,price,city,desc,full_desc
پژو 206 تیپ ۲، مدل ۱۳۹۵,https://divar.ir/v/پژو-206-تیپ-۲،-مدل-۱۳۹۵/gZhykLpm,gZhykLpm,400000000,اصفهان,"۸۰,۰۰۰ کیلومتر",پژو 206 تیپ ۲، مدل ۱۳۹۵|سواری و وانت|اصفهان، بزرگمهر|خرید و فروش قیمت مقطوع| سایت ثبت آگهی، نیازمندی و خرید و فروش دیوار
پژو 206 تیپ ۲، مدل ۱۳۹۷,https://divar.ir/v/پژو-206-تیپ-۲،-مدل-۱۳۹۷/gZhyEELx,gZhyEELx,455000000,شیراز,"۱۰۳,۰۰۰ کیلومتر","پژو 206 تیپ ۲، مدل ۱۳۹۷|سواری و وانت|شیراز، معالی‌آباد|خرید و فروش روغن تازه عوض شده
۲ تا خط بدون رنگ| سایت ثبت آگهی، نیازمندی و خرید و فروش دیوار"
پژو 206 تیپ ۵، مدل ۱۳۹۶,https://divar.ir/v/پژو-206-تیپ-۵،-مدل-۱۳۹۶/gZhS0vZz,gZhS0vZz,485000000,تهران,"۸۱,۰۰۰ کیلومتر","پژو 206 تیپ ۵، مدل ۱۳۹۶|سواری و وانت|تهران، مجیدآباد|خرید و فروش سالم و بی خط و خش،بسیار تمیز
فنی و موتوری عالی
کم کار 
سرویس ها به موقع انجام شده 
باطری نو،دیسک و صفحه نو،شیشه دودی،چرم دور فرمان ،کفی سه بعدی،قفل کاپوت ،تازه گاز کولر شارژ شده،۱۱ ماه بیمه و ۶ سال تخفیف بیمه،جلوبندی سالم ،تسمه دینام و هرزگرد تازه تعویض شده و... 
مناسب مصرف کننده
لطفا با احترام عزیزان دلال تماس نگیرند| سایت ثبت آگهی، نیازمندی و خرید و فروش دیوار"
۲۰۶تیپ ۲ اتاق تعویض۱۴۰۰,https://divar.ir/v/۲۰۶تیپ-۲-اتاق-تعویض۱۴۰۰/gZXaXNAc,gZXaXNAc,339000000,تهران,"۸۶,۰۰۰ کیلومتر","۲۰۶تیپ ۲ اتاق تعویض۱۴۰۰|سواری و وانت|تهران، بریانک|خرید و فروش خودرو مدل۹۶اتاق تعویض ۱۴۰۰-ثبت شده در سند قانونی -
خودرو بی رنگ و شاسی ها سالمه فقط انداز دوتا  کف دست گوشه کاپوت آب رنگ شده- تو عکس اخر  مشخص کردم )
فنی سالم بدونه خرج-کولر ب تازگی مبلغ  ۵ میلیون کاملا سرویس شده سالم-مصرفی ها (باطری -تسمه تایم--جفت سنسور. اکسیژن .دینام .همگی تعویض شده -دریچه گاز سیمی .-کفی س بعدی روکش .دو جفت میدرنج .کف پوش-فنی ریالی خرج نداره موتور بدون صدا اضافی ..قیمت پایین گذاشتم ب علت نیاز مالی-معاوضه ندارم| سایت ثبت آگهی، نیازمندی و خرید و فروش دیوار"
پژو 206 تیپ ۳ پانوراما، مدل ۱۴۰۱,https://divar.ir/v/پژو-206-تیپ-۳-پانوراما،-مدل-۱۴۰۱/gZhukKy4,gZhukKy4,565000000,تهران,"۲۵,۰۰۰ کیلومتر",پژو 206 تیپ ۳ پانوراما، مدل ۱۴۰۱|سواری و وانت|تهران، یافت‌آباد|خرید و فروش سقف شیشه ای بدنه سرامیک.بیمه بدنه یکسال.مانیتور.روکش دوربین و ردیاب و لوازم دیگه.گارانتی فعال.نوک کاپوت جزیی رنگ .معاوضه با دنا پلاس اتومات تا مدل ۴۰۲| سایت ثبت آگهی، نیازمندی و خرید و فروش دیوار
پژو 206 تیپ ۶، مدل ۱۳۸۴,https://divar.ir/v/پژو-206-تیپ-۶،-مدل-۱۳۸۴/gZhqkpWk,gZhqkpWk,370000000,تهران,"۲۰۰,۱۰۰ کیلومتر",پژو 206 تیپ ۶، مدل ۱۳۸۴|سواری و وانت|تهران، مرزداران|خرید و فروش با سلام ۲۰۶ تیپ ۶ مدل ۸۴ ماشین فرانسوی هست تمام وسیله های ماشین فابریک هست لوازم مصرفی به تازگی تعویض شده است ماشین بدون رنگ میباشد ماشین سپرهاشم رنگ نمی باشد سال ۱۳۸۵ دست ما است  کاکرد و بدون رنگ بودن ماشین به شرط کارشناسی| سایت ثبت آگهی، نیازمندی و خرید و فروش دیوار
پژو 206 تیپ ۲، مدل ۱۳۸۴,https://divar.ir/v/پژو-206-تیپ-۲،-مدل-۱۳۸۴/gZhqEmdI,gZhqEmdI,198000000,تهران,"۳۰۰,۰۰۰ کیلومتر",پژو 206 تیپ ۲، مدل ۱۳۸۴|سواری و وانت|تهران، کوثر|خرید و فروش ماشین از نظر فنی هیچ مشکلی نداره  سقف و ستون سالم  همه ی مصرفی ها به تازگی عوض شده روکش نو شیشه ها دودی داخل کابین بسیار تمیز فقط همون‌طور که تو عکس مشخصه سقف یه کم آفتاب سوخته شده سینی شاسی جلو یه کم ضربه خورده| سایت ثبت آگهی، نیازمندی و خرید و فروش دیوار
پژو 206 تیپ ۳، مدل ۱۳۸۷,https://divar.ir/v/پژو-206-تیپ-۳،-مدل-۱۳۸۷/gZhmkQDA,gZhmkQDA,262000000,تهران,"۴۵۰,۰۰۰ کیلومتر","پژو 206 تیپ ۳، مدل ۱۳۸۷|سواری و وانت|تهران، جنت‌آباد شمالی|خرید و فروش ماشین واقعا سالمه
موتور تازه تعمیر 
گیربکس تازه تعمیر 
تسمه ها نو
باتری نو
ماشین سالمه
به شرط کارشناسی عکسشم هست 
فوری فروشی
نیاز به پول دارم
معاوضه ام‌ نمیکنم| سایت ثبت آگهی، نیازمندی و خرید و فروش دیوار"
فنر,https://divar.ir/v/فنر/gZhiE4zj,gZhiE4zj,950000,اصفهان,-1,"فنر|قطعات یدکی و لوازم جانبی خودرو|اصفهان، دولت‌آباد|خرید و فروش فنرلول کمک فنر جلو پژو۲۰۶ فابریکی ایرانخودرو
این فنرا مال ۲۰۶بوده،چندماهی بیشتر زیرماشین نبوده و بخاطر تغییر ارتفاع عوض کردم
مناسب ۲۰۶،پژو پارس و پژو ۴۰۵| سایت ثبت آگهی، نیازمندی و خرید و فروش دیوار"
پژو 206 تیپ ۲، مدل ۱۳۹۹,https://divar.ir/v/پژو-206-تیپ-۲،-مدل-۱۳۹۹/gZhiUXCK,gZhiUXCK,470000000,تهران,"۵۸,۰۰۰ کیلومتر",پژو 206 تیپ ۲، مدل ۱۳۹۹|سواری و وانت|تهران، سعادت‌آباد|خرید و فروش ۲۰۶ سفید بدون رنگ ۹۹| سایت ثبت آگهی، نیازمندی و خرید و فروش دیوار
پژو 206 تیپ ۲، مدل ۱۳۸۶,https://divar.ir/v/پژو-206-تیپ-۲،-مدل-۱۳۸۶/gZhi0Dpy,gZhi0Dpy,240000000,شیراز,"۳۲۰,۰۰۰ کیلومتر",
پژو 206 تیپ ۵، مدل ۱۳۹۶,https://divar.ir/v/پژو-206-تیپ-۵،-مدل-۱۳۹۶/gZhe0-mc,gZhe0-mc,410000000,شیراز,"۲۳۰,۰۰۰ کیلومتر",
*خشک خشک صندوقدار V8* مدل آخر 1399,https://divar.ir/v/*خشک-خشک-صندوقدار-V8*-مدل-آخر-1399/QZEW5Cbc,QZEW5Cbc,111111111,تهران,"۱,۰۰۰ کیلومتر",
پژو 206 تیپ ۲، مدل ۱۳۹۷,https://divar.ir/v/پژو-206-تیپ-۲،-مدل-۱۳۹۷/gZheURMI,gZheURMI,428000000,تهران,"۶۹,۰۰۰ کیلومتر",
پژو 206 تیپ ۲، مدل ۱۳۹۸,https://divar.ir/v/پژو-206-تیپ-۲،-مدل-۱۳۹۸/gZhaUqo-,gZhaUqo-,430000000,تهران,"۵۶,۰۰۰ کیلومتر",
پژو 206 تیپ ۲، مدل ۱۴۰۰,https://divar.ir/v/پژو-206-تیپ-۲،-مدل-۱۴۰۰/gZha0jit,gZha0jit,523000000,تهران,"۴۳,۰۰۰ کیلومتر",
پژو 206 تیپ ۲، مدل ۱۴۰۰,https://divar.ir/v/پژو-206-تیپ-۲،-مدل-۱۴۰۰/gZhaEh-q,gZhaEh-q,525000000,تهران,"۴۵,۰۰۰ کیلومتر",
پژو 206 تیپ ۲، مدل ۱۳۸۹,https://divar.ir/v/پژو-206-تیپ-۲،-مدل-۱۳۸۹/gZha0PPD,gZha0PPD,290000000,تهران,"۱۷۲,۰۰۰ کیلومتر",
کاپوت پژو پراید 206سمند111صبا132رنگی ضمانت دار,https://divar.ir/v/کاپوت-پژو-پراید-206سمند111صبا132رنگی-ضمانت-دار/gZhW0I8v,gZhW0I8v,1380000,تهران,-1,"کاپوت پژو پراید 206سمند111صبا132رنگی ضمانت دار|قطعات یدکی و لوازم جانبی خودرو|تهران، شهرک کیانشهر|خرید و فروش دیگه دنبال قیمت پایین. نگردید کیفیت رو تجربه کنید 
نمایندگی برتر سایپا کد 9052 گنجی فرامرز 
تمامی کد رنگ ماشین ها موجود می‌باشد 
رنگ های متنوع فابریک ضمانت کتبی 10 ساله 
سپر چراغ سینی فن جلوپنجره 
ارسال سریع 
با تشکر از توجه شما| سایت ثبت آگهی، نیازمندی و خرید و فروش دیوار"
پژو 206 SD V8، مدل ۱۳۹۶,https://divar.ir/v/پژو-206-SD-V8،-مدل-۱۳۹۶/gZhWEwSm,gZhWEwSm,510000000,تهران,"۱۵۰,۰۰۰ کیلومتر",پژو 206 SD V8، مدل ۱۳۹۶|سواری و وانت|تهران، قنات‌کوثر|خرید و فروش ماشین سالم مصرف کننده تماس بگیر| سایت ثبت آگهی، نیازمندی و خرید و فروش دیوار
پژو 206 SD V9، مدل ۱۳۸۹,https://divar.ir/v/پژو-206-SD-V9،-مدل-۱۳۸۹/gZhWkufR,gZhWkufR,300000000,شیراز,"۴۰۰,۰۰۰ کیلومتر","پژو 206 SD V9، مدل ۱۳۸۹|سواری و وانت|شیراز، هفت تنان|خرید و فروش موتور تازه تعمیر 
گیربکس بدون ایراد
فنی سالم
زیر پا خوب| سایت ثبت آگهی، نیازمندی و خرید و فروش دیوار"
پژو 206 تیپ ۳، مدل ۱۳۸۵,https://divar.ir/v/پژو-206-تیپ-۳،-مدل-۱۳۸۵/gZtZTe3b,gZtZTe3b,260000000,اصفهان,"۲۲۳,۰۰۰ کیلومتر","پژو 206 تیپ ۳، مدل ۱۳۸۵|سواری و وانت|اصفهان، امیریه|خرید و فروش ماشین بدون رنگ حتی سپرها تمام مصرفی ها تعویض شده کاملا در سلامت کامل زاپاس نخورده فروش نقدی  یا معاوضه با اس دی سفید تا مدل 90 و یا ریو یا پژو پارس سفید  الباقی را نقدی تقدیم  میکنم تخفیف جزیی
ماشین رو فقط به خاطر کوچک بودنش دارم میفروشم| سایت ثبت آگهی، نیازمندی و خرید و فروش دیوار"
پراید 131 SE، مدل ۱۳۹۶ معاوضه پژو پرشیا ۲۰۶,https://divar.ir/v/پراید-131-SE،-مدل-۱۳۹۶-معاوضه-پژو-پرشیا-۲۰۶/gZklQylS,gZklQylS,265000000,تهران,"۶۳,۰۰۰ کیلومتر","پراید 131 SE، مدل ۱۳۹۶ معاوضه پژو پرشیا ۲۰۶|سواری و وانت|تهران، تهرانپارس شرقی|خرید و فروش درود برشما 
خودرو فنی سواری عالی 
ضبط باند دزدگیر شیشه دودی 
تمام مصرفی ها عوض شده 
اطلاعات بیشتر تماس بگیرید
تخفیف پای معامله
معاوضه با خودرو پژو۴۰۵ پرشیا پژو۲۰۶| سایت ثبت آگهی، نیازمندی و خرید و فروش دیوار"
رام اکسل پراید پژو سمند 206 اصلی گلگیر,https://divar.ir/v/رام-اکسل-پراید-پژو-سمند-206-اصلی-گلگیر/gZhKUes9,gZhKUes9,480000,تهران,-1,"رام اکسل پراید پژو سمند 206 اصلی گلگیر|قطعات یدکی و لوازم جانبی خودرو|تهران، مشیریه|خرید و فروش تولید میل تعادل پراید تیبا وانت 
پخش عمده رام پژو. جنس متفرقه بدون ضمانت 1380
راه فدک هستش.  جنس مشهد اصلی 1780
اکسل ضعیف فولاد شید 1450
اکسل رویین. سایپایی 1920
گلگیر پراید پخش 480
بازرگانی رسمی سایکو کد 9052سایپا
ارسال سریع به تمام نقاط ایران.
با تشکر فراوان از شما دوستان| سایت ثبت آگهی، نیازمندی و خرید و فروش دیوار"
پژو 206 تیپ ۲، مدل ۱۳۸۲,https://divar.ir/v/پژو-206-تیپ-۲،-مدل-۱۳۸۲/gZhKEo0W,gZhKEo0W,200000000,اصفهان,"۴۰۰,۰۰۰ کیلومتر","پژو 206 تیپ ۲، مدل ۱۳۸۲|سواری و وانت|اصفهان، مبارکه|خرید و فروش سلام 
سقف وستون سالم شاسی هاپلمپ موتور وزیروبند سالم برقی سالم اتاق تمیز آفتاب سوختگی دارد لاستیکها ۸۰درصد تخفیف خوب پای معامله| سایت ثبت آگهی، نیازمندی و خرید و فروش دیوار"
پژو 206 تیپ ۲، مدل ۱۳۸۰,https://divar.ir/v/پژو-206-تیپ-۲،-مدل-۱۳۸۰/gZVOV0kc,gZVOV0kc,190000000,شیراز,"۱۵۰,۰۰۰ کیلومتر",پژو 206 تیپ ۲، مدل ۱۳۸۰|سواری و وانت|شیراز، فرهنگ شهر|خرید و فروش دوبرگ سند است یعنی زیاد دست به دست نشده دور تادور چند لکه رنگ کوچک  دارد ولی کلا شاسیها و سقف و ستون فابریک کولر بخاری سالم روکش نو تمام سیستم‌ها سالم درحد مدل بالا کاملا خانگی هست| سایت ثبت آگهی، نیازمندی و خرید و فروش دیوار
پژو 206 تیپ ۲، مدل ۱۳۸۹,https://divar.ir/v/پژو-206-تیپ-۲،-مدل-۱۳۸۹/gZCy-clZ,gZCy-clZ,260000000,اصفهان,"۲۲۰,۰۰۰ کیلومتر","پژو 206 تیپ ۲، مدل ۱۳۸۹|سواری و وانت|اصفهان، امین‌آباد|خرید و فروش ۲۰۶مشکی مدل ۸۹
۲۲۰تاکار 
شاسی ها و سقف ستون سالم میباشد 
چند لکه دورماشین رنگ داره ولی نسبت به مدل خوبه ظاهرش 
فنی سالم و ..
برای قیمت و مشخصات بیشتر پیام دهید| سایت ثبت آگهی، نیازمندی و خرید و فروش دیوار"
پژو۲۰۶تیپ۵مدل۹۳,https://divar.ir/v/پژو۲۰۶تیپ۵مدل۹۳/gZhqT9uG,gZhqT9uG,385000000,تهران,"۹۹,۰۰۰ کیلومتر","پژو۲۰۶تیپ۵مدل۹۳|سواری و وانت|تهران، وردآورد|خرید و فروش عرضه یک دستگاه خودروی۲۰۶تیپ۵سال۱۳۹۳
معایب:
۲گلگیرجلوتعویض،یک لک کوچک رنگ سرنشین جلو
معاینه فنی تاپایان سال
قیمت بااحتساب مالیات،بیمه،عوارض وخلافی۳۸۵میلیون
به شرط کارشناسی خودرو
ازمذاکره بامارکت میکرها(واسطه ها)معذورمی باشیم
معامله واقعی بامصرف کننده واقعی| سایت ثبت آگهی، نیازمندی و خرید و فروش دیوار"
پژو 206 تیپ ۲، مدل ۱۳۹۸,https://divar.ir/v/پژو-206-تیپ-۲،-مدل-۱۳۹۸/gZhGEQH6,gZhGEQH6,445000000,تهران,"۱۱۱,۰۰۰ کیلومتر",
پژو 206 SD V8، مدل ۱۳۸۹,https://divar.ir/v/پژو-206-SD-V8،-مدل-۱۳۸۹/gZhGUIHa,gZhGUIHa,270000000,اصفهان,"۳۰۰,۰۰۰ کیلومتر",
پژو 206 تیپ ۲، مدل ۱۳۹۹,https://divar.ir/v/پژو-206-تیپ-۲،-مدل-۱۳۹۹/gZhCk3yp,gZhCk3yp,485000000,تهران,"۴۰,۰۰۰ کیلومتر",
پژو 206 تیپ ۲، مدل ۱۴۰۱,https://divar.ir/v/پژو-206-تیپ-۲،-مدل-۱۴۰۱/gZhCEDt_,gZhCEDt_,568000000,تهران,"۲۳,۰۰۰ کیلومتر",
پژو 206SD، دوگانه ۸۷ ، موتور بزرگ فرانسوی,https://divar.ir/v/پژو-206SD،-دوگانه-۸۷-،-موتور-بزرگ-فرانسوی/gZAqh_BN,gZAqh_BN,338000000,تهران,"۱۹۰,۰۰۰ کیلومتر",
پژو 206 تیپ ۵، مدل ۱۳۹۳,https://divar.ir/v/پژو-206-تیپ-۵،-مدل-۱۳۹۳/gZh-zx_1,gZh-zx_1,402000000,تهران,"۲۳۰,۰۰۰ کیلومتر",
پژو 206 SD V8، مدل ۱۳۹۴,https://divar.ir/v/پژو-206-SD-V8،-مدل-۱۳۹۴/gZh-DROB,gZh-DROB,415000000,تهران,"۲۰۰,۰۰۰ کیلومتر",
پژو 206 SD V8، مدل ۱۳۹۴,https://divar.ir/v/پژو-206-SD-V8،-مدل-۱۳۹۴/gZh6j4UN,gZh6j4UN,398000000,تهران,"۹۲,۰۰۰ کیلومتر",
پژو 206 تیپ ۵، مدل ۱۳۹۳,https://divar.ir/v/پژو-206-تیپ-۵،-مدل-۱۳۹۳/gZfmnULR,gZfmnULR,460000000,تهران,"۴۶,۰۰۰ کیلومتر",
پژو 206 تیپ ۲، مدل ۱۳۹۶,https://divar.ir/v/پژو-206-تیپ-۲،-مدل-۱۳۹۶/gZh-S-I4,gZh-S-I4,410000000,شیراز,"۱۷۰,۰۰۰ کیلومتر","پژو 206 تیپ ۲، مدل ۱۳۹۶|سواری و وانت|شیراز، شهرک گلستان|خرید و فروش خودرو فابریک بدون ضربه 
تمام سرویس ها از تسمه تایم تا روغن اخیرا انجام شده
فاکتور موجود هست 
بسیار تمیر و دیدنی| سایت ثبت آگهی، نیازمندی و خرید و فروش دیوار"
پژو 206 تیپ ۲، مدل ۱۳۹۰,https://divar.ir/v/پژو-206-تیپ-۲،-مدل-۱۳۹۰/gZhCD1Ip,gZhCD1Ip,320000000,تهران,"۳۸۸,۰۰۰ کیلومتر","پژو 206 تیپ ۲، مدل ۱۳۹۰|سواری و وانت|تهران، چیتگر|خرید و فروش سلام عرض ادب
ماشین بسیار تمیز
فقط کاپوتو گلگیر سمت شاگرد تعویض شده که اونم موتور افتاده رو ماشین وگرنه هیچ تصادفی نداشته ماشین
کاکرد ماشین واقعی اگر تو دیوار میبنید ماشین برا13سال پیش زده پایین300کار همش الکی دستگاه زدن 
ولی من هیچ دستگاهی نزدم همه چی رو معلومه
داخل دیزاین کامل عوض شده،20میلیون هزینه کردم
شیشه دودی،چراغ جلو و عقب نو،نمد کاپوت
قفل صندوق،قفل کاپوت،قفل داشبورد ،کف پایی پنج بعدی،روکش صندلی چرم اصل،رو دری،رو درب داشبورد،زنون
موتور هیچ عیب و نقصی ندارد سالمه سالم
جلوبندی و جعبه فرمون کامل سرویس شده
اکسل کامل سرویس شده کمک جلو تازه عوض شده
باطری و تازه عوض کردم گاز کولر هم تازه زدم
تسمه تایم تازه عوض کردم
لنت جلو و لاستیک های جلو نو
به شرط کارشناسی✅
ماشین جدید میخام بخرم وگرنه نمیفروختم

معاوضه ندارم


فوری،فوری،فوری

مصرف کننده فقط تماس بگیره| سایت ثبت آگهی، نیازمندی و خرید و فروش دیوار"
پژو 206 تیپ ۳ پانوراما، مدل ۱۴۰۱,https://divar.ir/v/پژو-206-تیپ-۳-پانوراما،-مدل-۱۴۰۱/gZZSj7dX,gZZSj7dX,558000000,تهران,"۵۵,۰۰۰ کیلومتر","پژو 206 تیپ ۳ پانوراما، مدل ۱۴۰۱|سواری و وانت|تهران، دریا|خرید و فروش 206تیپ 3  
سقف پانوراما
بی رنگ

باتری نو شده
درهای ماشین ضد سرقت شده 
قفل کاپوت و قفل کامپیوتر
شیشهای دودی آمریکایی
تسمه تایم نو انداختم 
لنتها جلو و عقب نو انداختم
۵۵۰۰۰ کارکرد واقعی
تمام مصرفیها به موقع تعویض شدن
دوتیکه کوچیک صافکاری PDR میخواد من وقت نداشتم ببرم  که از قیمت کم کردم عکساشم گذاشتم

قیمت پایین گذاشتم 

بازدید هروز از ساعت 10تا 7عصر سعادت آباد
در خدمتتون هستم

چون پلاکمو می‌خوام فقط مصرف کننده های عزیز تماس بگیرن| سایت ثبت آگهی، نیازمندی و خرید و فروش دیوار"
پژو 206 تیپ ۲، مدل ۱۳۸۴ نقد و اقساط,https://divar.ir/v/پژو-206-تیپ-۲،-مدل-۱۳۸۴-نقد-و-اقساط/gZCSO4YG,gZCSO4YG,200000000,تهران,"۳۵۰,۰۰۰ کیلومتر",پژو 206 تیپ ۲، مدل ۱۳۸۴ نقد و اقساط|سواری و وانت|تهران، باغ خزانه|خرید و فروش با سلام جلو عقب سالم نقد و اقساط فنی سالم بدونه ایراد| سایت ثبت آگهی، نیازمندی و خرید و فروش دیوار
پژو 206 تیپ ۲، مدل ۱۳۹۶,https://divar.ir/v/پژو-206-تیپ-۲،-مدل-۱۳۹۶/gZh2zhEN,gZh2zhEN,440000000,شیراز,"۵۴,۰۰۰ کیلومتر",پژو 206 تیپ ۲، مدل ۱۳۹۶|سواری و وانت|شیراز، شهرک نیروی انتظامی|خرید و فروش ماشین فوق‌العاده تمیز مرتب، خانگی. کلیه لوازم مصرفی به موقع تعویض شده.دیسک و صفحه کلاچ فرانسوی تعویض شده.تسمه تایم تعویض شده.بیمه بدنه دارد.شماره کیلومتر واقعی.| سایت ثبت آگهی، نیازمندی و خرید و فروش دیوار
پژو 206 تیپ ۲، مدل ۱۳۹۴ بدون رنگ,https://divar.ir/v/پژو-206-تیپ-۲،-مدل-۱۳۹۴-بدون-رنگ/gZZ2Upu7,gZZ2Upu7,415000000,اصفهان,"۱۲۰,۰۰۰ کیلومتر","پژو 206 تیپ ۲، مدل ۱۳۹۴ بدون رنگ|سواری و وانت|اصفهان، خانه اصفهان|خرید و فروش پژو ۲۰۶ کم کار موتور tu3
بدون رنگ
شاسی سالم 
سنسور دنده عقب دارد
روغن خودرو هر ۴ هزارتا تعویض شده
فنی موتور عالی 
تسمه تایم تازه تعویض شده
کولر بخاری سالم 
لاستیک حدود ۸۰درصد
باتری کمتر از یک سال تعویض شده
تخفیفات بیمه کامل
فروش فقط فقط نقدی
قابل معاوضه با پراید کوییک ۱۱۱ساینا تیبا و....نمیباشد| سایت ثبت آگهی، نیازمندی و خرید و فروش دیوار"
پژو 206 تیپ ۲، مدل ۱۳۸۳,https://divar.ir/v/پژو-206-تیپ-۲،-مدل-۱۳۸۳/gZh2TZQy,gZh2TZQy,220000000,اصفهان,"۴۲۱,۸۰۰ کیلومتر","پژو 206 تیپ ۲، مدل ۱۳۸۳|سواری و وانت|اصفهان، ملک‌شهر|خرید و فروش ماشین دارای معاینه فنی میباشد 
سقف ماشین دارای آفتاب سوختگی است| سایت ثبت آگهی، نیازمندی و خرید و فروش دیوار"
پژو 206 تیپ ۲، مدل ۱۴۰۱,https://divar.ir/v/پژو-206-تیپ-۲،-مدل-۱۴۰۱/gZeeGD2e,gZeeGD2e,555000000,تهران,"۹,۰۰۰ کیلومتر","پژو 206 تیپ ۲، مدل ۱۴۰۱|سواری و وانت|تهران، پیروزی|خرید و فروش پژو 206 تیپ ۲، مدل ۱۴۰۱
۹هزارتا کارکرد 
مشابه صفر 
در حد صفر حرفی واسه گفتن نداره| سایت ثبت آگهی، نیازمندی و خرید و فروش دیوار"
جلو پنجره ،شمع،سوپاپ,https://divar.ir/v/جلو-پنجره-،شمع،سوپاپ/gZh2jJtY,gZh2jJtY,70000,تهران,-1,"جلو پنجره ،شمع،سوپاپ|قطعات یدکی و لوازم جانبی خودرو|تهران، تهران‌سر|خرید و فروش سلام 
انواع جلو پنجره فابریک با قیمت مناسب 
 پژو پارس (۲۰۰) تومان 
 پژو ۴۰۵.    (۱۷۰)
پژو ۲۰۶.     (۱۷۰)
پراید ۱۳۲.   (۱۴۰)
پراید.         (۱۰۰)
سمند.        (۱۱۰)
تیبا.           (۷۰)
پیکان.        (۷۰)
________________
شمع ngk 
قیمت هر عدد (۵۰) 
حداقل خرید ۱ کارتن 
_________________
سوپاپ پژو کره ایی برند  ne 
قیمت  (۱،۵۰۰،۰۰۰)| سایت ثبت آگهی، نیازمندی و خرید و فروش دیوار"
پژو 206 تیپ ۲، مدل ۱۳۸۳,https://divar.ir/v/پژو-206-تیپ-۲،-مدل-۱۳۸۳/gZhyz1S-,gZhyz1S-,205000000,اصفهان,"۴۷۰,۰۰۰ کیلومتر","پژو 206 تیپ ۲، مدل ۱۳۸۳|سواری و وانت|اصفهان، بهارستان|خرید و فروش باسلام
خودروی فوق کاملا سالم و خانگی
تمام سرویس ها انجام شده
فنی و‌موتور و‌گیربکس سلامت کامل
شاسیها سالم و‌بدون ضربه
ادوات برقی سالم
کولر به تازگی سرویس شده به مبلغ۳میلیون
خودم جوونم به ماشینم میرسم 
بیمه ۱سال کامل
قیمتو مناسب گذاشتم چون نیاز به پولش دارم ولی یه تخفیف جزعی هم باز پای قولنامه میدم که خیر داشته باشه| سایت ثبت آگهی، نیازمندی و خرید و فروش دیوار"
پژو 206 تیپ ۵، مدل ۱۳۹۹,https://divar.ir/v/پژو-206-تیپ-۵،-مدل-۱۳۹۹/gZhuT8cy,gZhuT8cy,530000000,تهران,"۲۰,۰۰۰ کیلومتر",
توربین گیربکس اتومات پراید و پژو  ساعتی گیربکس,https://divar.ir/v/توربین-گیربکس-اتومات-پراید-و-پژو--ساعتی-گیربکس/AZgb3EO-,AZgb3EO-,6000000,تهران,-1,
پژو 206 SD V6، مدل ۱۳۸۸,https://divar.ir/v/پژو-206-SD-V6،-مدل-۱۳۸۸/gZhuDZRn,gZhuDZRn,305000000,تهران,"۲۲۰,۰۰۰ کیلومتر",
پژو 206 SD V8، مدل ۱۳۸۶,https://divar.ir/v/پژو-206-SD-V8،-مدل-۱۳۸۶/gZhuTTHB,gZhuTTHB,280000000,تهران,"۲۵۰,۰۰۰ کیلومتر",
پژو 206 SD V8، مدل ۱۳۹۸,https://divar.ir/v/پژو-206-SD-V8،-مدل-۱۳۹۸/gZhuzJ_U,gZhuzJ_U,500000000,تهران,"۱۰۵,۰۰۰ کیلومتر",
پژو 206 تیپ ۵، مدل ۱۳۹۵,https://divar.ir/v/پژو-206-تیپ-۵،-مدل-۱۳۹۵/gZhqjTDn,gZhqjTDn,450000000,تهران,"۱۹۰,۰۰۰ کیلومتر",
پژو 206 تیپ ۲، مدل ۱۳۸۴,https://divar.ir/v/پژو-206-تیپ-۲،-مدل-۱۳۸۴/gZhqzeA3,gZhqzeA3,175000000,تهران,"۳۵۰,۰۰۰ کیلومتر",
پژو 206 تیپ ۳ پانوراما، مدل ۱۴۰۱,https://divar.ir/v/پژو-206-تیپ-۳-پانوراما،-مدل-۱۴۰۱/gZhSziEQ,gZhSziEQ,570000000,تهران,"۱۴,۰۰۰ کیلومتر",
پژو 206، مدل ۱۳۹۷,https://divar.ir/v/پژو-206،-مدل-۱۳۹۷/gZhmDpOH,gZhmDpOH,445000000,تهران,"۹۲,۰۰۰ کیلومتر",
پژو 206 تیپ ۲، مدل ۱۳۸۹,https://divar.ir/v/پژو-206-تیپ-۲،-مدل-۱۳۸۹/gZhmjaJo,gZhmjaJo,285000000,اصفهان,"۲۰۰,۰۰۰ کیلومتر","پژو 206 تیپ ۲، مدل ۱۳۸۹|سواری و وانت|اصفهان، ملک‌شهر|خرید و فروش بیمه تا ۳۰مرداد‌ دارد
دوحلقه لاستیک جلو نو عقب ۲۰درصد 
تمام مصرفی ها نوشده و به تازگی ۴۰ تومن خرج خودرو شده است| سایت ثبت آگهی، نیازمندی و خرید و فروش دیوار"
پژو 206 SD V8، مدل ۱۳۹۰,https://divar.ir/v/پژو-206-SD-V8،-مدل-۱۳۹۰/gZhmjOuX,gZhmjOuX,300000000,تهران,"۶۸,۰۰۰ کیلومتر","پژو 206 SD V8، مدل ۱۳۹۰|سواری و وانت|تهران، تجریش|خرید و فروش پژو 206 SD V8، مدل ۱۳۹۰
باسلام ماشین فوق سند تک برگه از صفری دست خود بند بوده و شیش یا هفت سال چون ایران نبودم خواب بوده فقط هفته ای یبار سرایدامون روشن میکرد که موتورش خراب نشه
ماشین بدونه رنگ بدونه تصادف بدونه خط یا خش بدونه حتی یه نقطه بشرط کارشناسی
۶۸ هزار تا کار بشرط دیاگ
زاپاس زیرش نرفته پلم کارخونه روشه
بیمه و بیمه بدنه داره
معاینه فنی داره
سند اماده انتقال
کارت سوخت داره
تمام سرویس های ماهیانه انجام شده
لاستیک ها نو
دزد گیر تصویری
شیشه ها دودی
باطری نو
سواری عالی کولر روشن
به دلال نمیفروشم اصلا
خریدار واقعی بی زحمت فقط تماس بگیره
اس ام اس جواب نمیدم
تماس فقط پاسخ میدم| سایت ثبت آگهی، نیازمندی و خرید و فروش دیوار"
پژو 206 تیپ ۲، مدل ۱۳۸۹,https://divar.ir/v/پژو-206-تیپ-۲،-مدل-۱۳۸۹/gZhiD7s2,gZhiD7s2,260000000,اصفهان,"۲۹۵,۰۰۰ کیلومتر","پژو 206 تیپ ۲، مدل ۱۳۸۹|سواری و وانت|اصفهان، بهارستان|خرید و فروش سلام 
خودرو فنی سالم کولر روشن 
لاستیک ٪۸۰
روکش صندلی و‌کفپوش
ضبط و باند
برگه کارشناسی عکس اخر| سایت ثبت آگهی، نیازمندی و خرید و فروش دیوار"
پژو 206 تیپ ۲، مدل ۱۳۹۷,https://divar.ir/v/پژو-206-تیپ-۲،-مدل-۱۳۹۷/gZhiTOQs,gZhiTOQs,160000000,اصفهان,"۱۲۷,۰۰۰ کیلومتر",پژو 206 تیپ ۲، مدل ۱۳۹۷|سواری و وانت|اصفهان، حسین‌آباد|خرید و فروش در اثر ترکیدگی تایر جلو، ماشین چپ کرده. ایربگ ها عمل کرده.گیربکس نیاز به پوسته دارد. موتور سالم است.نیاز به اتاق دارد. بقیه موارد هم در تصاویر مشخص است. لطفا خریدار واقعی تماس بگیره.| سایت ثبت آگهی، نیازمندی و خرید و فروش دیوار
پژو 206 تیپ ۵، مدل ۱۳۹۸,https://divar.ir/v/پژو-206-تیپ-۵،-مدل-۱۳۹۸/gZe-cnb0,gZe-cnb0,565000000,شیراز,"۱۰۸,۰۰۰ کیلومتر","پژو 206 تیپ ۵، مدل ۱۳۹۸|سواری و وانت|شیراز، فضل‌آباد|خرید و فروش با سلام و‌ خسته نباشید 
ماشین ۲۰۶ سفید تیپ ۵ 
سالم و تمیز 
دارای بیمه بدنه و شخص ثالث 
مدارک تمام کامل 
همراه با برگه کارشناسی شده 
فنی سالم بشرط بدون کوچکترین مشکل 
دارای مانیتور 
دوربین دنده عقب 
شیشه دودی 
لاستیک ۹۵ درصد 
روکش چرم اصل و پلاستیک صندلی
روکش فرمان 
کفپوش سه بعدی| سایت ثبت آگهی، نیازمندی و خرید و فروش دیوار"
پژو 206 تیپ ۲، مدل ۱۳۹۵ بیرنگ,https://divar.ir/v/پژو-206-تیپ-۲،-مدل-۱۳۹۵-بیرنگ/gZc2dq9V,gZc2dq9V,425000000,تهران,"۱۱۶,۰۰۰ کیلومتر","پژو 206 تیپ ۲، مدل ۱۳۹۵ بیرنگ|سواری و وانت|تهران، خانی‌آباد|خرید و فروش بیرنگ بدون خطو خش 
نسبت به مدلش خیلی سالم 
در حد  براقیت روز اول داره همش تو پارکینگ بوده
۱۱ ماه بیمه
ماشین دوم خونس کم استفاده میشه 
لاستیکا نو  جلو بندی لنت دیسک داخل مرتب 
دیسک صفحه تسمه تایم همه به تازگی تعویض شده 
ماشین سالم میخوای زنگ بزن ارزون زیاد تو دیوار هست
ادرس هم خانی اباد بغل شکر بانو هم چهاردانگه شهرک مطهری  میشه بازدید کرد
معاوظه با ۲۰۷| سایت ثبت آگهی، نیازمندی و خرید و فروش دیوار"
پژو 206 تیپ ۲، مدل ۱۳۸۵,https://divar.ir/v/پژو-206-تیپ-۲،-مدل-۱۳۸۵/gZhmSQVB,gZhmSQVB,250000000,تهران,"۲۸۵,۰۰۰ کیلومتر",پژو 206 تیپ ۲، مدل ۱۳۸۵|سواری و وانت|تهران، خانی‌آباد|خرید و فروش برگه کارشناس داخل عکس موجود است| سایت ثبت آگهی، نیازمندی و خرید و فروش دیوار
پژو 206 تیپ ۲، مدل ۱۴۰۰,https://divar.ir/v/پژو-206-تیپ-۲،-مدل-۱۴۰۰/gZheTpGF,gZheTpGF,545000000,تهران,"۲,۰۰۰ کیلومتر",پژو 206 تیپ ۲، مدل ۱۴۰۰|سواری و وانت|تهران، اتابک|خرید و فروش ۲۰۶ خشک در حد صفر بدون نقطه حتی روی سپر به شرط کارشناسی فقط مصرف کننده| سایت ثبت آگهی، نیازمندی و خرید و فروش دیوار
پژو 206 تیپ ۲، مدل ۱۳۹۸,https://divar.ir/v/پژو-206-تیپ-۲،-مدل-۱۳۹۸/gZhqSMmC,gZhqSMmC,475000000,تهران,"۴۵,۰۰۰ کیلومتر","پژو 206 تیپ ۲، مدل ۱۳۹۸|سواری و وانت|تهران، شهرک ولیعصر|خرید و فروش درود فراوان
ماشین بسیار کم مصرف میباشد
بدون هیچ گونه تصادفی..دارای خط و خش جزیی..یه خط روی کاپوت یه مردم آزار انداخته که در تصویر مشخصه| سایت ثبت آگهی، نیازمندی و خرید و فروش دیوار"
پژو 206 تیپ ۲، مدل ۱۳۹۸,https://divar.ir/v/پژو-206-تیپ-۲،-مدل-۱۳۹۸/gZheDkGe,gZheDkGe,460000000,تهران,"۸۱,۰۰۰ کیلومتر","پژو 206 تیپ ۲، مدل ۱۳۹۸|سواری و وانت|تهران، مهرآباد جنوبی|خرید و فروش با سلام
لوکیشن اگهی درسته،مهر اباد جنوبی،
تحویل ۹۸/۱۲/۲۱. از اول روکش صندلی و کفپوش داشته.
ماشین سالم،قفل کاپوت و زاپاس و کامپیوتر و باتری دارد.
تقویت درب برای جلوگیری از دزدی دارد.
تصادف نداشته حتی ضربه کوچک.رنگ ندارد.
معاینه فنی و بیمه دارد.
برگه کارشناسی هم گذاشتم.
فروش فقط تعویض پلاک.نهایتا ۵ روز مهلت وکالت.| سایت ثبت آگهی، نیازمندی و خرید و فروش دیوار"
پژو 206 تیپ ۵، مدل ۱۳۹۴ آبی رویال کم کار درحد,https://divar.ir/v/پژو-206-تیپ-۵،-مدل-۱۳۹۴-آبی-رویال-کم-کار-درحد/gZa6WQBt,gZa6WQBt,400000000,تهران,"۱۱۰,۰۰۰ کیلومتر",
۲۰۶ تیپ ۲ لا کاغذی,https://divar.ir/v/۲۰۶-تیپ-۲-لا-کاغذی/gZhezg0B,gZhezg0B,415000000,اصفهان,"۱۳۳,۰۰۰ کیلومتر",
پژو 206 تیپ ۲، مدل ۱۳۸۲,https://divar.ir/v/پژو-206-تیپ-۲،-مدل-۱۳۸۲/gZhezb3u,gZhezb3u,175000000,تهران,"۱۲۸,۸۰۰ کیلومتر",
پژو 206مدل۱۳۹۵.قابل معاوضه,https://divar.ir/v/پژو-206مدل۱۳۹۵.قابل-معاوضه/gZhezaka,gZhezaka,111111111,شیراز,"۲۵۰,۰۰۰ کیلومتر",
پژو 206 تیپ ۲، مدل ۱۳۹۹,https://divar.ir/v/پژو-206-تیپ-۲،-مدل-۱۳۹۹/gZhezGjR,gZhezGjR,485000000,تهران,"۷۲,۰۰۰ کیلومتر",
پژو 206 تیپ 2، مدل ۱۳۹۹ بی رنگ* تک برگ سند* کم کار,https://divar.ir/v/پژو-206-تیپ-2،-مدل-۱۳۹۹-بی-رنگ*-تک-برگ-سند*-کم-کار/gZhaz2Vh,gZhaz2Vh,445000000,تهران,"۷۱,۰۰۰ کیلومتر",
پژو 206 تیپ ۲، مدل ۱۳۹۷,https://divar.ir/v/پژو-206-تیپ-۲،-مدل-۱۳۹۷/gZh6SdR2,gZh6SdR2,389000000,تهران,"۵۰,۰۰۰ کیلومتر",
پژو 206 SD V8، فروش یا معاوضه با شاهین,https://divar.ir/v/پژو-206-SD-V8،-فروش-یا-معاوضه-با-شاهین/gZh-Savq,gZh-Savq,425000000,تهران,"۸۸,۰۰۰ کیلومتر",
پژو 206 تیپ ۲، مدل ۱۴۰۱,https://divar.ir/v/پژو-206-تیپ-۲،-مدل-۱۴۰۱/gZhaDqUG,gZhaDqUG,480000000,تهران,"۷۰,۰۰۰ کیلومتر",
پژو 206 تیپ ۳، مدل ۱۳۸۵,https://divar.ir/v/پژو-206-تیپ-۳،-مدل-۱۳۸۵/gZCiarjb,gZCiarjb,220000000,تهران,"۲۶۰,۰۰۰ کیلومتر","پژو 206 تیپ ۳، مدل ۱۳۸۵|سواری و وانت|تهران، مجیدیه|خرید و فروش سرسیلندر ماشین ترک داره 
۳ الی ۴ تیکه رنگ ولی به اسم دورنگ شاسی ها به شرط
لاستیک جلو ۲۰۵ ۸۰٪ لاستیک عقب ۷۰٪
بیمه معاینه 
کلاف درب قفل کاپوت| سایت ثبت آگهی، نیازمندی و خرید و فروش دیوار"
پژو 206 تیپ ۴ مدل ۱۳۸۲ کاملا مشابه صفر,https://divar.ir/v/پژو-206-تیپ-۴-مدل-۱۳۸۲-کاملا-مشابه-صفر/gZNmYETE,gZNmYETE,987654321,تهران,"۲۵,۲۴۱ کیلومتر","پژو 206 تیپ ۴ مدل ۱۳۸۲ کاملا مشابه صفر|سواری و وانت|تهران، تهرانپارس غربی|خرید و فروش ۲۰۶ مدل ۸۲ 
تیپ ۴ فرانسه 
کاملا استثنایی
بدون کوچک ترین آفتاب سوختگی (در عکس روی کاپوت سایه ی ابر هستش)
رنگ بژ نقره ای سفارشی از خود کارخانه فرانسه که در روز نقره ای و در شب بژ نشان داده میشود
کاملا پلمپ
موتور tu5
موتور و گیریبکس مثل ساعت بدون کوچک ترین مشکل کار میکنه
کارکرد ۲۵۲۴۱ به شرط واقعی بودن
مشابه صفر
لاستیک میشلن فابریک کارخانه روی ماشین است
خودرو کاملا کم یاب
به شرط کارشناسی| سایت ثبت آگهی، نیازمندی و خرید و فروش دیوار"
پژو 206 تیپ ۲، مدل ۱۳۹۹,https://divar.ir/v/پژو-206-تیپ-۲،-مدل-۱۳۹۹/gZhWjlrS,gZhWjlrS,425000000,تهران,"۱۱۳,۰۰۰ کیلومتر","پژو 206 تیپ ۲، مدل ۱۳۹۹|سواری و وانت|تهران، اختیاریه|خرید و فروش موتور سالم، شاسی ها سالم و پلمپ، بدون رنگ، در چند نقطه نیاز به صافکاری دارد. 
کفپوش سرتاسری
سنسور عقب شیشه ها دودی| سایت ثبت آگهی، نیازمندی و خرید و فروش دیوار"
پژو 206 SD V9، مدل ۱۳۸۸ کارکرد ۳۳۹۳۰۰,https://divar.ir/v/پژو-206-SD-V9،-مدل-۱۳۸۸-کارکرد-۳۳۹۳۰۰/gZhWTiD9,gZhWTiD9,310000000,تهران,"۳۳۹,۳۰۰ کیلومتر","پژو 206 SD V9، مدل ۱۳۸۸ کارکرد ۳۳۹۳۰۰|سواری و وانت|تهران، نارمک|خرید و فروش پژو 206 V9 SD مدل ۸۸
۱۰ ماه بیمه دارد| سایت ثبت آگهی، نیازمندی و خرید و فروش دیوار"
پژو 206 فرانسوی نقره آبی متالیک tu3، مدل 81,https://divar.ir/v/پژو-206-فرانسوی-نقره-آبی-متالیک-tu3،-مدل-81/QZuPSmEC,QZuPSmEC,199000000,تهران,"۲۲۰,۰۰۰ کیلومتر","پژو 206 فرانسوی نقره آبی متالیک tu3، مدل 81|سواری و وانت|تهران، خاک سفید|خرید و فروش سیستم جداگانه صوتی به مبلغ 14 میلیون
بازسازی کامل شده
بیمه یکسال
موتور نو
دیسکو صفحه تعویض
عقب ستون پلمپ
رادیاتورها تعویض عملکرد عالی
استارت و سفر
تایید شده آگاهی سند تک برگ
لاستیک ها حدود 90 درصد
بیمه 11.1
مدارک کامل
داخل تودوزی آبی (نایاب)
تخفیف پای معامله
سقف آفتب سوختگی دارد
بازدید محدوده شرق تهران| سایت ثبت آگهی، نیازمندی و خرید و فروش دیوار"
پژو 206 تیپ ۳ پانوراما، مدل ۱۴۰۱,https://divar.ir/v/پژو-206-تیپ-۳-پانوراما،-مدل-۱۴۰۱/gZQayM99,gZQayM99,555000000,تهران,"۱۱,۰۰۰ کیلومتر","پژو 206 تیپ ۳ پانوراما، مدل ۱۴۰۱|سواری و وانت|تهران، بهار|خرید و فروش باسلام.
خودرو در حد صفر می باشد،مدل اسفند 1401.
خودرودر تاریخ ۱۴۰۳/۰۴/۲۳ به شرح ذیل کارشناسی شده است ، اتومبیل فاقد رنگ میباشد، شاسی عقب و جلو سالم و پلمپ می باشد، سینی عقب به اندازه ی یک بند انگشت خوردگی دارد.
دارای مانیتور اندرویدی.
باند سیستمی با کیفیت روی اتاق صندوق.
چهار چرخ های اتومبیل دارای پیچ های ضد سرقت می باشند.
ضبط فابریک LSD
دارای دوربین وسنسور عقب.
دور فرمان چرم.
دارای بیمه ی شخص ثالث وبیمه ی بدنه۳ماه.
برگه ی کارشناسی موجود می‌باشد.
لطفا خریدار واقعی تماس نماید.
باتشکر.| سایت ثبت آگهی، نیازمندی و خرید و فروش دیوار"
پژو 206 تیپ ۲، مدل ۱۳۹۸,https://divar.ir/v/پژو-206-تیپ-۲،-مدل-۱۳۹۸/gZhWCN7r,gZhWCN7r,442000000,اصفهان,"۱۳۰,۰۰۰ کیلومتر","پژو 206 تیپ ۲، مدل ۱۳۹۸|سواری و وانت|اصفهان، باغ فدک|خرید و فروش باسلام
206تیپ 2
tu3
تسمه تایم و لاستیک و باتری و ... تازه تعویض شده
از لحاظ موتوری عالی
سرشاسی عقب سمت راننده ضربه جزیی
سینی جلو ضربه جزیی
شاسی ها سالم به شرط
درب صندوق و گلگیر عقب سمت راننده رنگ
معاوضه در صورتی که ماشین شما هم به قیمت باشه و کارشناسی
نقد هم تخفیف جزیی پای قرارداد| سایت ثبت آگهی، نیازمندی و خرید و فروش دیوار"
پژو 206 تیپ ۲، مدل ۱۳۹۷,https://divar.ir/v/پژو-206-تیپ-۲،-مدل-۱۳۹۷/gZf-vL24,gZf-vL24,455000000,تهران,"۶۶,۰۰۰ کیلومتر","پژو 206 تیپ ۲، مدل ۱۳۹۷|سواری و وانت|تهران، بریانک|خرید و فروش پژو ۲۰۶ تیپ ۲ مدل۹۷ از نظر فنی کاملا سالم به شرط کارشناسی.
در حد نو کم کارکرد .
تمامی لوازم مصرفی به موقع عوض شده
باطری و لاستیک و روغن تازه عوض شده . روکش صندلی نو ک کفی سه بعدی کاملا بدون هزینه .
شاسی ها پلمپ و بیمه تا آخر سال| سایت ثبت آگهی، نیازمندی و خرید و فروش دیوار"
پژو 206 SD V8، مدل ۱۳۹۶,https://divar.ir/v/پژو-206-SD-V8،-مدل-۱۳۹۶/gZXatFHL,gZXatFHL,398000000,اصفهان,"۲۷۰,۰۰۰ کیلومتر",پژو 206 SD V8، مدل ۱۳۹۶|سواری و وانت|اصفهان، رهنان|خرید و فروش این قیمت فقط تا فرداافنی سالم به شرط رخ تمیز روکش و کفپوش سه لکه جلو رنگه با دو تا طوق لیسه شاسی سالم قیمتش خیلی پایین زدم به دلیل نیاز مالی بورسی تماس نگیره قابل معاوضه با ۱۱۱ و ۱۳۱ تا ۳۰۰ تومن| سایت ثبت آگهی، نیازمندی و خرید و فروش دیوار
پژو 206 تیپ ۳، مدل ۱۳۹۹,https://divar.ir/v/پژو-206-تیپ-۳،-مدل-۱۳۹۹/gZhOzmyK,gZhOzmyK,550000000,اصفهان,"۱۷,۰۰۰ کیلومتر",پژو 206 تیپ ۳، مدل ۱۳۹۹|سواری و وانت|اصفهان، ردان|خرید و فروش روکش صندلی.سنسور دنده عقب| سایت ثبت آگهی، نیازمندی و خرید و فروش دیوار
پژو 206 تیپ ۲، مدل ۱۳۹۶,https://divar.ir/v/پژو-206-تیپ-۲،-مدل-۱۳۹۶/gZhOzk74,gZhOzk74,405000000,تهران,"۱۴۰,۰۰۰ کیلومتر",
پژو 206 تیپ ۲، مدل ۱۳۹۵,https://divar.ir/v/پژو-206-تیپ-۲،-مدل-۱۳۹۵/gZaaBmDh,gZaaBmDh,410000000,اصفهان,"۱۵۹,۰۰۰ کیلومتر",
پژو 206 تیپ ۲، مدل ۱۳۸۷,https://divar.ir/v/پژو-206-تیپ-۲،-مدل-۱۳۸۷/gZfe7xa0,gZfe7xa0,258000000,تهران,"۳۲۰,۰۰۰ کیلومتر",
پژو 206 تیپ ۵، مدل ۱۳۹۳,https://divar.ir/v/پژو-206-تیپ-۵،-مدل-۱۳۹۳/gZhKDJls,gZhKDJls,490000000,تهران,"۱۶۰,۰۰۰ کیلومتر",
پژو 206 تیپ ۵، مدل ۱۳۹۵,https://divar.ir/v/پژو-206-تیپ-۵،-مدل-۱۳۹۵/gZdyPqGp,gZdyPqGp,420000000,تهران,"۸۷,۰۰۰ کیلومتر",
پژو 206 تیپ ۲، مدل ۱۴۰۱,https://divar.ir/v/پژو-206-تیپ-۲،-مدل-۱۴۰۱/gZJekYxJ,gZJekYxJ,517000000,تهران,"۲۳,۰۰۰ کیلومتر",
پژو 206 تیپ ۲، مدل ۱۳۸۳,https://divar.ir/v/پژو-206-تیپ-۲،-مدل-۱۳۸۳/gZhGzPgb,gZhGzPgb,225000000,تهران,"۱۹۹,۰۰۰ کیلومتر",
پژو 206 تیپ ۲، مدل ۱۳۸۸,https://divar.ir/v/پژو-206-تیپ-۲،-مدل-۱۳۸۸/gZdq18Nd,gZdq18Nd,285000000,تهران,"۱۲۰,۰۰۰ کیلومتر",
پژو 206 تیپ ۵، مدل ۱۳۹۴ همه چیز نو,https://divar.ir/v/پژو-206-تیپ-۵،-مدل-۱۳۹۴-همه-چیز-نو/gZhCzdkq,gZhCzdkq,395000000,تهران,"۱۳۳,۰۰۰ کیلومتر",
پژو 206 SD V8، مدل ۱۳۹۹,https://divar.ir/v/پژو-206-SD-V8،-مدل-۱۳۹۹/gZMCyYIN,gZMCyYIN,526000000,تهران,"۶۲,۰۰۰ کیلومتر",
پژو 206 تیپ ۵، مدل ۱۳۹۶,https://divar.ir/v/پژو-206-تیپ-۵،-مدل-۱۳۹۶/gZh-yZco,gZh-yZco,465000000,تهران,"۱۸۰,۰۰۰ کیلومتر",پژو 206 تیپ ۵، مدل ۱۳۹۶|سواری و وانت|تهران، ستارخان|خرید و فروش ماشین از هر جهت سالم، فنی عالی، سند دست اول، لاستیک ها کره ای، فروش بعلت نیاز مالی| سایت ثبت آگهی، نیازمندی و خرید و فروش دیوار
